MemberID,Age,Gender,Height_cm,Weight_kg,Workout_Duration_min,Calories_Burned,Heart_Rate,BMI
1,56,Male,190,57,117,356,161,15.8
2,46,Male,166,53,117,537,161,19.2
3,32,Female,161,80,47,629,131,30.9
4,25,Female,195,102,96,489,115,26.8
5,38,Male,181,98,98,489,112,29.9
6,56,Female,164,56,106,353,132,20.8
7,36,Male,165,58,63,310,166,21.3
8,40,Male,171,78,109,689,117,26.7
9,28,Male,177,97,23,541,98,31.0
10,28,Male,169,64,109,724,109,22.4
11,41,Female,182,119,28,683,145,35.9
12,53,Female,159,60,24,219,128,23.7
13,57,Female,189,114,75,554,140,31.9
14,41,Male,181,100,115,757,101,30.5
15,20,Male,199,102,103,740,168,25.8
16,39,Male,182,48,69,666,144,14.5
17,19,Female,151,48,94,269,167,21.1
18,41,Male,182,64,34,366,100,19.3
19,47,Female,182,54,51,205,115,16.3
20,55,Female,190,68,47,515,131,18.8
21,19,Female,162,70,41,653,116,26.7
22,38,Female,179,81,36,604,100,25.3
23,50,Female,182,98,78,253,127,29.6
24,29,Female,162,65,109,226,132,24.8
25,39,Male,175,118,90,379,108,38.5
26,42,Male,171,82,76,407,153,28.0
27,44,Female,188,90,45,413,95,25.5
28,59,Female,151,48,44,480,135,21.1
29,45,Male,187,104,29,331,131,29.7
30,33,Female,188,101,64,699,154,28.6
31,32,Female,175,89,102,176,161,29.1
32,20,Male,195,64,30,425,148,16.8
33,54,Female,199,61,96,448,141,15.4
34,24,Female,164,115,72,240,136,42.8
35,38,Female,183,48,91,629,96,14.3
36,26,Male,191,58,87,722,100,15.9
37,56,Male,193,47,114,607,150,12.6
38,35,Male,198,102,47,600,157,26.0
39,21,Female,189,99,94,514,114,27.7
40,42,Female,160,48,84,500,101,18.7
41,31,Male,152,68,68,549,115,29.4
42,26,Female,155,78,66,402,101,32.5
43,43,Female,158,74,71,608,132,29.6
44,19,Female,155,63,107,648,140,26.2
45,37,Female,158,75,73,657,126,30.0
46,45,Female,188,104,79,453,135,29.4
47,24,Male,180,104,76,650,142,32.1
48,25,Female,181,63,66,747,169,19.2
49,52,Male,190,93,50,315,102,25.8
50,31,Female,199,107,65,564,143,27.0
51,34,Male,161,66,45,611,146,25.5
52,53,Female,157,68,24,263,93,27.6
53,57,Male,157,74,103,582,164,30.0
54,21,Female,199,102,71,505,138,25.8
55,19,Male,177,75,94,356,96,23.9
56,23,Female,169,108,73,384,100,37.8
57,59,Male,196,63,52,591,143,16.4
58,21,Female,156,92,69,504,134,37.8
59,46,Male,160,89,57,664,112,34.8
60,35,Male,169,99,46,357,117,34.7
61,43,Female,165,99,117,274,146,36.4
62,51,Female,153,62,34,287,115,26.5
63,27,Male,155,107,115,488,114,44.5
64,53,Female,171,91,80,686,143,31.1
65,31,Male,175,119,40,217,118,38.9
66,48,Male,152,101,65,722,125,43.7
67,32,Male,190,89,88,690,103,24.7
68,25,Female,191,77,25,532,167,21.1
69,31,Male,163,61,57,168,124,23.0
70,40,Male,160,114,81,599,119,44.5
71,57,Female,167,48,105,223,106,17.2
72,38,Female,161,64,81,722,156,24.7
73,33,Female,172,91,101,425,169,30.8
74,35,Female,161,59,97,197,119,22.8
75,41,Male,162,114,93,360,134,43.4
76,43,Male,174,91,65,771,168,30.1
77,42,Male,194,119,32,689,140,31.6
78,58,Male,168,53,114,340,136,18.8
79,46,Female,195,60,113,464,142,15.8
80,32,Male,185,113,22,712,153,33.0
81,18,Male,194,105,113,711,127,27.9
82,42,Female,157,54,25,262,153,21.9
83,24,Male,178,94,112,319,96,29.7
84,26,Male,181,47,27,617,111,14.3
85,41,Male,193,114,63,163,130,30.6
86,18,Male,167,95,52,437,163,34.1
87,25,Male,155,63,100,338,99,26.2
88,41,Male,167,86,94,304,146,30.8
89,28,Female,168,79,96,716,96,28.0
90,34,Female,171,90,69,620,139,30.8
91,25,Male,186,70,30,224,141,20.2
92,52,Male,181,113,114,426,122,34.5
93,52,Female,190,108,47,794,90,29.9
94,50,Male,152,81,89,492,142,35.1
95,22,Male,177,93,60,574,149,29.7
96,59,Male,159,65,35,720,123,25.7
97,56,Female,184,118,87,660,93,34.9
98,58,Male,178,108,118,331,106,34.1
99,45,Female,164,49,67,607,93,18.2
100,24,Male,182,114,75,213,132,34.4
101,26,Female,156,48,83,409,93,19.7
102,25,Female,161,83,78,342,90,32.0
103,29,Male,198,79,109,765,160,20.2
104,51,Female,179,45,81,555,139,14.0
105,50,Male,170,68,95,242,162,23.5
106,40,Female,180,101,30,579,150,31.2
107,41,Male,173,114,108,583,124,38.1
108,54,Male,169,85,37,553,97,29.8
109,52,Female,186,98,38,583,113,28.3
110,57,Male,153,90,106,261,125,38.4
111,39,Male,177,104,74,524,139,33.2
112,44,Female,193,104,101,208,132,27.9
113,52,Male,169,101,45,192,116,35.4
114,18,Male,173,75,25,356,121,25.1
115,52,Female,199,68,23,445,167,17.2
116,54,Female,198,80,48,267,107,20.4
117,31,Male,181,74,78,681,117,22.6
118,20,Male,190,68,117,371,118,18.8
119,18,Female,185,74,36,315,105,21.6
120,22,Female,183,51,62,792,136,15.2
121,43,Male,185,79,99,305,148,23.1
122,31,Female,151,99,85,333,120,43.4
123,56,Male,164,58,53,239,93,21.6
124,44,Male,183,54,27,243,126,16.1
125,26,Male,185,60,32,162,106,17.5
126,32,Male,155,98,27,587,128,40.8
127,32,Male,188,114,113,687,137,32.3
128,43,Female,191,88,115,736,135,24.1
129,59,Female,161,117,119,299,137,45.1
130,30,Female,152,89,113,157,128,38.5
131,49,Female,194,100,84,178,93,26.6
132,56,Male,167,101,62,445,119,36.2
133,49,Male,189,65,58,789,119,18.2
134,21,Male,170,112,100,489,111,38.8
135,47,Male,164,94,78,777,164,34.9
136,54,Female,182,77,103,588,155,23.2
137,40,Male,184,51,107,293,101,15.1
138,56,Male,175,114,105,668,125,37.2
139,32,Female,157,59,112,194,107,23.9
140,46,Female,185,76,105,388,142,22.2
141,53,Female,197,119,63,304,160,30.7
142,30,Female,179,64,28,330,90,20.0
143,49,Male,172,59,56,364,147,19.9
144,24,Male,191,92,93,237,95,25.2
145,39,Female,193,115,55,405,159,30.9
146,45,Male,163,65,111,660,133,24.5
147,19,Male,163,86,47,222,161,32.4
148,59,Male,151,70,61,328,113,30.7
149,23,Female,186,58,62,361,108,16.8
150,45,Male,154,101,104,383,107,42.6
151,45,Female,187,81,107,614,119,23.2
152,37,Male,194,102,61,372,131,27.1
153,47,Male,190,65,85,780,122,18.0
154,28,Male,196,113,74,413,163,29.4
155,45,Female,163,47,91,356,101,17.7
156,42,Male,188,81,67,756,116,22.9
157,56,Female,174,93,110,515,128,30.7
158,50,Female,169,63,41,425,98,22.1
159,18,Female,151,56,46,529,110,24.6
160,44,Male,188,105,112,458,165,29.7
161,30,Male,155,85,86,780,118,35.4
162,58,Male,166,77,32,417,122,27.9
163,20,Male,174,94,64,213,151,31.0
164,56,Female,177,112,29,499,104,35.7
165,23,Female,151,115,119,643,91,50.4
166,25,Female,184,77,28,672,141,22.7
167,44,Male,186,68,73,247,133,19.7
168,26,Female,154,105,46,220,143,44.3
169,54,Male,150,105,53,513,107,46.7
170,50,Female,189,72,20,719,92,20.2
171,59,Male,161,102,51,425,96,39.4
172,41,Male,185,87,108,199,132,25.4
173,32,Female,194,85,112,507,127,22.6
174,49,Female,172,83,90,713,126,28.1
175,49,Female,196,93,86,634,147,24.2
176,41,Female,180,61,103,233,122,18.8
177,58,Male,160,114,39,787,148,44.5
178,29,Female,159,114,113,733,100,45.1
179,56,Female,152,109,54,445,157,47.2
180,19,Female,163,118,118,385,157,44.4
181,20,Male,165,49,110,205,111,18.0
182,54,Male,159,46,109,509,155,18.2
183,34,Female,178,66,97,259,133,20.8
184,19,Male,159,101,36,341,95,40.0
185,19,Female,161,110,37,242,131,42.4
186,45,Male,179,118,64,717,114,36.8
187,40,Male,190,60,112,209,146,16.6
188,54,Male,150,95,103,799,144,42.2
189,49,Male,154,83,72,188,105,35.0
190,50,Female,169,84,110,689,103,29.4
191,18,Female,157,82,101,198,128,33.3
192,36,Female,192,104,87,569,117,28.2
193,19,Male,161,103,84,786,140,39.7
194,43,Female,150,54,20,162,138,24.0
195,49,Female,169,108,77,185,98,37.8
196,23,Female,177,107,45,250,147,34.2
197,49,Male,192,93,39,235,134,25.2
198,21,Male,186,108,106,665,111,31.2
199,28,Male,196,76,29,372,121,19.8
200,34,Female,186,51,78,487,158,14.7
201,55,Female,161,65,94,315,158,25.1
202,41,Female,186,64,60,532,131,18.5
203,22,Male,198,70,24,525,142,17.9
204,51,Male,198,112,84,620,148,28.6
205,23,Female,193,59,36,791,163,15.8
206,39,Male,177,58,41,180,128,18.5
207,28,Male,196,71,117,524,104,18.5
208,33,Male,164,84,60,160,160,31.2
209,50,Male,155,102,112,451,118,42.5
210,26,Female,193,72,87,245,92,19.3
211,23,Male,169,70,88,339,99,24.5
212,33,Male,199,107,30,602,118,27.0
213,46,Male,163,110,75,341,168,41.4
214,20,Male,151,69,70,635,124,30.3
215,37,Female,158,47,40,415,95,18.8
216,53,Female,186,116,118,573,101,33.5
217,36,Male,169,88,95,277,127,30.8
218,43,Male,175,86,45,387,166,28.1
219,20,Male,178,50,38,504,108,15.8
220,36,Male,150,83,79,261,156,36.9
221,37,Male,184,96,90,595,97,28.4
222,49,Male,155,67,66,492,97,27.9
223,24,Female,186,94,90,294,136,27.2
224,58,Male,154,87,45,214,93,36.7
225,50,Female,182,63,59,396,140,19.0
226,57,Female,198,113,24,639,156,28.8
227,56,Male,163,95,40,588,134,35.8
228,35,Female,161,55,97,255,97,21.2
229,57,Female,191,56,23,330,105,15.4
230,18,Female,169,118,42,333,166,41.3
231,28,Female,199,52,103,375,156,13.1
232,45,Female,173,68,34,238,98,22.7
233,42,Female,192,85,112,679,149,23.1
234,40,Male,183,80,27,520,167,23.9
235,48,Female,174,116,60,548,166,38.3
236,47,Female,199,99,38,255,160,25.0
237,59,Female,178,53,65,420,104,16.7
238,52,Male,188,91,47,652,160,25.7
239,24,Female,180,59,110,674,130,18.2
240,33,Male,196,92,87,181,111,23.9
241,43,Female,192,86,34,542,113,23.3
242,19,Male,199,104,118,189,133,26.3
243,18,Male,172,114,56,367,90,38.5
244,29,Female,193,56,20,231,99,15.0
245,22,Female,187,46,86,350,169,13.2
246,54,Male,169,51,43,596,161,17.9
247,49,Female,172,47,46,577,145,15.9
248,26,Male,194,47,59,187,139,12.5
249,58,Male,165,71,82,360,101,26.1
250,52,Male,199,84,80,593,149,21.2
251,36,Male,191,77,55,476,115,21.1
252,33,Male,157,45,117,376,167,18.3
253,20,Female,199,52,112,197,130,13.1
254,37,Male,170,76,43,167,125,26.3
255,41,Male,150,92,43,588,112,40.9
256,50,Female,157,48,23,336,132,19.5
257,41,Male,178,114,86,494,95,36.0
258,28,Female,181,63,53,373,158,19.2
259,25,Female,187,76,76,637,132,21.7
260,53,Female,154,53,68,378,114,22.3
261,55,Male,196,56,106,539,107,14.6
262,57,Male,171,55,72,738,151,18.8
263,37,Male,196,90,42,337,102,23.4
264,52,Female,183,60,88,419,132,17.9
265,42,Male,150,45,114,756,167,20.0
266,52,Female,175,107,72,459,117,34.9
267,42,Male,192,65,81,281,107,17.6
268,46,Female,159,74,60,700,148,29.3
269,35,Male,179,57,76,221,149,17.8
270,35,Male,199,78,79,336,152,19.7
271,19,Male,167,48,73,635,146,17.2
272,52,Female,166,72,89,340,140,26.1
273,33,Female,175,103,76,571,145,33.6
274,58,Male,157,71,29,269,116,28.8
275,53,Male,196,113,59,369,121,29.4
276,50,Female,189,69,26,202,98,19.3
277,21,Female,198,47,57,600,157,12.0
278,50,Female,161,112,104,561,135,43.2
279,31,Male,176,69,80,792,156,22.3
280,38,Female,157,64,103,386,115,26.0
281,37,Male,174,78,22,555,97,25.8
282,25,Female,195,70,70,757,95,18.4
283,24,Male,153,49,105,571,169,20.9
284,20,Female,182,105,66,396,113,31.7
285,34,Female,150,53,87,221,137,23.6
286,50,Female,168,94,111,334,134,33.3
287,29,Female,180,50,95,155,102,15.4
288,39,Female,165,104,57,355,158,38.2
289,39,Male,163,88,55,693,114,33.1
290,47,Female,197,55,60,760,109,14.2
291,55,Female,154,110,88,536,155,46.4
292,55,Female,190,91,32,225,163,25.2
293,25,Male,175,117,106,326,134,38.2
294,44,Female,177,47,77,498,136,15.0
295,44,Male,151,74,69,404,152,32.5
296,51,Female,199,65,49,457,165,16.4
297,38,Female,155,72,81,494,166,30.0
298,47,Male,158,106,44,276,144,42.5
299,50,Female,182,77,46,436,164,23.2
300,45,Male,190,79,70,745,108,21.9
301,50,Male,174,96,97,636,124,31.7
302,22,Female,197,78,76,532,142,20.1
303,36,Male,162,85,66,555,115,32.4
304,21,Female,158,95,119,537,103,38.1
305,52,Female,162,91,58,674,134,34.7
306,34,Male,180,102,35,706,133,31.5
307,45,Male,190,119,41,788,154,33.0
308,47,Male,160,101,104,775,140,39.5
309,46,Male,153,67,73,425,132,28.6
310,23,Female,183,92,40,649,112,27.5
311,52,Female,187,66,91,486,145,18.9
312,58,Male,195,61,35,630,108,16.0
313,54,Female,153,113,78,422,165,48.3
314,41,Female,187,55,50,207,144,15.7
315,46,Female,168,59,61,477,149,20.9
316,48,Female,155,79,93,258,148,32.9
317,52,Male,183,77,51,428,122,23.0
318,50,Male,167,60,78,477,108,21.5
319,38,Female,162,78,53,464,117,29.7
320,49,Male,190,110,28,623,141,30.5
321,40,Male,172,84,100,260,138,28.4
322,50,Male,168,72,30,378,126,25.5
323,20,Female,194,91,115,646,115,24.2
324,35,Female,160,83,29,305,129,32.4
325,42,Female,150,114,105,622,169,50.7
326,59,Male,173,117,36,421,127,39.1
327,48,Female,156,64,87,151,166,26.3
328,20,Female,174,45,67,660,143,14.9
329,57,Male,170,116,71,435,111,40.1
330,41,Female,164,107,44,162,105,39.8
331,49,Female,150,111,40,757,117,49.3
332,39,Male,161,48,84,647,124,18.5
333,40,Male,156,102,82,387,149,41.9
334,19,Male,164,69,108,243,134,25.7
335,44,Female,170,91,70,487,135,31.5
336,59,Female,168,82,55,320,161,29.1
337,19,Female,178,59,100,755,144,18.6
338,43,Male,174,107,107,773,115,35.3
339,34,Male,182,65,85,716,114,19.6
340,57,Female,198,101,34,616,154,25.8
341,50,Female,181,97,115,777,95,29.6
342,26,Male,198,90,58,292,112,23.0
343,56,Male,184,58,89,350,153,17.1
344,46,Male,193,61,20,329,132,16.4
345,59,Male,187,83,42,513,112,23.7
346,43,Female,175,53,58,628,119,17.3
347,52,Male,160,50,76,714,166,19.5
348,42,Female,184,67,100,620,107,19.8
349,41,Female,157,103,53,533,168,41.8
350,30,Female,195,90,60,566,110,23.7
351,24,Male,163,82,112,457,146,30.9
352,53,Male,159,58,92,798,112,22.9
353,37,Male,151,116,32,516,134,50.9
354,18,Male,195,106,89,150,133,27.9
355,25,Female,158,79,25,193,136,31.6
356,33,Male,152,63,103,247,129,27.3
357,31,Male,170,74,71,414,140,25.6
358,29,Female,175,69,22,289,131,22.5
359,40,Male,157,84,100,630,96,34.1
360,32,Female,197,58,82,386,139,14.9
361,45,Female,151,70,68,221,137,30.7
362,51,Female,155,66,95,339,95,27.5
363,19,Female,177,92,66,417,98,29.4
364,49,Female,178,95,74,470,146,30.0
365,40,Female,175,47,83,256,120,15.3
366,39,Female,174,86,84,381,110,28.4
367,42,Female,161,63,100,191,129,24.3
368,39,Male,154,117,86,288,134,49.3
369,39,Male,183,72,109,764,166,21.5
370,59,Male,197,89,34,422,138,22.9
371,23,Male,186,115,119,630,109,33.2
372,32,Female,164,107,51,565,106,39.8
373,54,Male,193,117,115,655,117,31.4
374,50,Female,185,63,87,573,130,18.4
375,25,Male,164,91,37,556,155,33.8
376,22,Male,192,58,102,717,114,15.7
377,56,Male,197,82,62,539,147,21.1
378,21,Female,172,97,54,491,130,32.8
379,23,Male,155,105,97,763,95,43.7
380,49,Female,195,80,77,642,164,21.0
381,47,Female,199,84,52,341,127,21.2
382,52,Male,193,74,33,648,95,19.9
383,57,Male,192,53,53,382,134,14.4
384,33,Male,194,108,80,376,164,28.7
385,30,Female,170,77,23,520,103,26.6
386,59,Male,172,96,107,288,155,32.4
387,47,Female,192,58,78,298,129,15.7
388,36,Female,165,119,48,264,92,43.7
389,34,Male,196,97,102,599,113,25.2
390,36,Male,164,103,25,212,108,38.3
391,45,Female,174,85,116,253,107,28.1
392,43,Female,185,112,68,422,153,32.7
393,54,Female,160,112,59,155,124,43.7
394,43,Male,164,52,102,296,151,19.3
395,40,Female,153,46,84,333,90,19.7
396,26,Male,170,85,88,177,114,29.4
397,29,Female,162,99,46,699,134,37.7
398,18,Female,171,60,99,268,138,20.5
399,18,Male,168,106,25,442,105,37.6
400,51,Female,183,92,32,520,108,27.5
401,49,Male,163,74,83,393,112,27.9
402,42,Male,153,56,81,729,114,23.9
403,57,Female,197,79,118,367,105,20.4
404,18,Male,195,55,38,326,143,14.5
405,33,Male,176,108,95,448,162,34.9
406,56,Female,178,94,99,207,90,29.7
407,22,Male,196,65,62,418,131,16.9
408,39,Male,177,113,93,457,108,36.1
409,46,Male,184,92,108,719,123,27.2
410,20,Female,157,64,39,437,169,26.0
411,29,Male,165,111,114,254,144,40.8
412,43,Female,191,88,87,377,107,24.1
413,33,Female,185,77,63,396,123,22.5
414,54,Male,179,117,42,643,134,36.5
415,39,Male,167,105,21,232,95,37.6
416,46,Male,151,53,41,335,110,23.2
417,31,Female,198,112,76,401,159,28.6
418,45,Male,162,79,91,504,137,30.1
419,22,Male,153,109,26,359,128,46.6
420,47,Male,175,52,97,758,120,17.0
421,22,Male,174,89,75,596,99,29.4
422,29,Male,179,91,86,609,119,28.4
423,33,Female,160,84,35,621,107,32.8
424,43,Female,156,98,102,519,149,40.3
425,43,Male,180,90,70,641,162,27.8
426,38,Male,193,91,101,286,104,24.4
427,56,Male,159,59,99,516,93,23.3
428,53,Male,188,63,91,333,152,17.8
429,50,Female,162,70,116,737,129,26.7
430,47,Male,180,96,31,436,98,29.6
431,54,Female,156,66,72,621,98,27.1
432,40,Female,198,65,94,524,115,16.6
433,27,Male,191,95,24,686,93,26.0
434,22,Female,191,82,46,660,105,22.5
435,53,Female,185,64,31,728,104,18.7
436,51,Female,169,73,36,399,141,25.6
437,48,Female,153,95,25,659,158,40.6
438,27,Male,156,48,116,779,94,19.7
439,36,Male,150,99,24,222,109,44.0
440,49,Female,193,115,76,431,168,30.9
441,18,Male,194,72,47,509,107,19.1
442,22,Male,191,48,97,159,91,13.2
443,21,Male,196,66,88,360,102,17.2
444,33,Male,162,89,78,301,93,33.9
445,41,Male,171,111,52,154,131,38.0
446,33,Female,170,110,81,344,163,38.1
447,19,Male,171,78,69,432,150,26.7
448,45,Male,177,99,38,613,97,31.6
449,49,Male,158,45,105,262,156,18.0
450,44,Male,175,116,88,420,152,37.9
451,37,Female,158,82,85,312,98,32.8
452,41,Female,164,50,113,609,100,18.6
453,29,Female,159,69,66,254,131,27.3
454,52,Female,173,61,58,705,102,20.4
455,50,Male,191,105,87,431,125,28.8
456,50,Female,157,56,52,311,102,22.7
457,54,Male,173,50,32,500,101,16.7
458,29,Male,165,71,103,583,126,26.1
459,20,Male,198,52,73,289,163,13.3
460,18,Male,175,109,26,620,162,35.6
461,50,Male,176,101,98,281,141,32.6
462,57,Female,186,84,106,236,160,24.3
463,27,Female,153,58,33,332,91,24.8
464,46,Female,199,79,106,517,145,19.9
465,30,Female,173,92,38,278,149,30.7
466,29,Male,168,100,73,395,112,35.4
467,48,Female,185,93,112,750,129,27.2
468,19,Male,188,57,39,727,153,16.1
469,52,Female,159,105,48,527,112,41.5
470,40,Male,174,93,43,298,118,30.7
471,34,Male,167,90,101,582,167,32.3
472,43,Female,168,106,82,777,140,37.6
473,25,Male,185,52,93,618,158,15.2
474,46,Male,159,87,76,595,120,34.4
475,43,Female,182,64,27,630,139,19.3
476,27,Male,199,83,109,443,109,21.0
477,43,Female,154,93,81,292,144,39.2
478,51,Female,196,108,48,399,91,28.1
479,58,Female,198,106,93,451,114,27.0
480,24,Male,184,98,36,174,102,28.9
481,21,Male,193,53,85,219,159,14.2
482,28,Male,183,81,25,774,156,24.2
483,46,Female,182,93,77,261,147,28.1
484,53,Male,170,85,88,513,164,29.4
485,42,Female,166,61,47,452,153,22.1
486,38,Female,171,65,81,620,158,22.2
487,53,Male,197,95,60,240,148,24.5
488,27,Female,186,103,88,679,149,29.8
489,54,Male,164,83,101,341,151,30.9
490,26,Male,184,99,109,701,105,29.2
491,41,Male,177,85,103,391,157,27.1
492,52,Male,156,83,60,287,104,34.1
493,52,Male,181,57,68,494,144,17.4
494,53,Female,160,108,110,329,124,42.2
495,35,Female,159,55,68,652,144,21.8
496,56,Female,158,63,95,352,103,25.2
497,49,Male,163,55,90,722,138,20.7
498,41,Male,162,90,22,341,96,34.3
499,40,Male,174,89,29,154,119,29.4
500,49,Female,151,45,117,386,138,19.7
501,54,Male,184,84,108,460,105,24.8
502,29,Female,156,63,54,698,140,25.9
503,30,Female,170,116,99,205,161,40.1
504,40,Male,167,116,21,592,169,41.6
505,42,Male,152,105,43,386,131,45.4
506,52,Female,191,56,93,346,106,15.4
507,58,Male,188,105,57,734,152,29.7
508,47,Female,190,77,41,720,134,21.3
509,34,Male,198,89,45,663,166,22.7
510,37,Male,160,113,62,598,96,44.1
511,42,Female,188,52,74,509,116,14.7
512,39,Male,173,69,58,179,99,23.1
513,30,Female,195,90,110,257,123,23.7
514,36,Male,168,74,48,751,125,26.2
515,53,Female,153,91,39,594,114,38.9
516,29,Female,175,93,110,587,95,30.4
517,58,Male,187,91,60,755,113,26.0
518,36,Female,191,62,73,606,107,17.0
519,29,Male,181,110,39,764,95,33.6
520,26,Male,188,112,38,644,118,31.7
521,24,Male,194,77,103,396,114,20.5
522,45,Female,195,80,118,692,144,21.0
523,31,Female,185,63,85,713,135,18.4
524,48,Male,189,72,49,737,113,20.2
525,36,Male,186,84,72,588,164,24.3
526,33,Female,182,59,53,427,115,17.8
527,22,Male,185,85,41,701,117,24.8
528,52,Male,152,83,86,762,92,35.9
529,29,Female,158,46,25,260,164,18.4
530,42,Male,157,107,98,534,127,43.4
531,38,Female,182,73,46,340,150,22.0
532,53,Male,155,118,29,639,167,49.1
533,40,Female,190,110,92,575,140,30.5
534,33,Male,188,95,116,554,137,26.9
535,56,Male,153,119,115,484,110,50.8
536,59,Female,162,54,67,358,143,20.6
537,56,Male,198,58,89,171,145,14.8
538,31,Female,151,95,78,760,148,41.7
539,48,Male,154,117,119,357,161,49.3
540,22,Female,193,83,78,157,140,22.3
541,52,Female,176,72,21,678,109,23.2
542,40,Female,181,47,48,751,148,14.3
543,46,Female,170,114,87,315,160,39.4
544,28,Male,157,71,84,645,98,28.8
545,35,Male,187,46,102,739,90,13.2
546,29,Female,157,82,45,578,118,33.3
547,26,Female,199,47,108,312,152,11.9
548,27,Female,152,60,29,515,161,26.0
549,34,Male,193,84,72,675,145,22.6
550,55,Male,152,46,98,388,157,19.9
551,24,Male,171,85,78,221,124,29.1
552,30,Male,155,56,41,594,92,23.3
553,57,Female,151,79,70,658,96,34.6
554,59,Female,172,109,67,418,116,36.8
555,26,Female,193,99,40,564,90,26.6
556,44,Male,151,89,41,394,169,39.0
557,19,Male,187,106,119,209,160,30.3
558,22,Male,166,93,117,155,133,33.7
559,46,Female,184,69,49,719,130,20.4
560,54,Female,183,67,44,556,164,20.0
561,55,Male,172,68,47,366,131,23.0
562,36,Female,179,82,84,175,122,25.6
563,25,Male,157,72,64,154,139,29.2
564,18,Male,171,65,87,681,152,22.2
565,39,Female,193,98,26,539,126,26.3
566,34,Male,185,62,68,720,148,18.1
567,24,Female,154,80,28,597,137,33.7
568,42,Male,162,89,55,295,94,33.9
569,21,Female,178,117,102,537,137,36.9
570,53,Female,180,97,20,398,92,29.9
571,23,Female,196,74,29,675,136,19.3
572,48,Male,165,104,55,611,151,38.2
573,36,Male,191,76,92,162,103,20.8
574,56,Female,179,111,65,533,152,34.6
575,44,Female,165,111,51,705,150,40.8
576,27,Male,161,72,51,548,120,27.8
577,43,Male,166,88,25,168,106,31.9
578,36,Male,165,85,67,724,113,31.2
579,56,Female,161,107,57,640,112,41.3
580,20,Male,157,67,36,568,139,27.2
581,30,Male,169,119,93,486,167,41.7
582,45,Female,152,92,46,568,168,39.8
583,37,Male,165,76,73,761,168,27.9
584,45,Male,179,101,69,271,159,31.5
585,25,Male,194,77,54,581,116,20.5
586,58,Female,172,68,104,193,104,23.0
587,56,Female,177,83,44,466,139,26.5
588,18,Female,189,78,47,530,125,21.8
589,20,Female,154,100,34,294,97,42.2
590,30,Female,169,72,23,476,168,25.2
591,45,Female,189,81,112,512,92,22.7
592,42,Female,193,51,92,199,151,13.7
593,50,Male,150,112,46,214,136,49.8
594,55,Male,179,81,45,504,166,25.3
595,23,Female,170,100,38,313,150,34.6
596,49,Male,169,109,111,290,121,38.2
597,38,Male,155,109,36,277,102,45.4
598,33,Female,171,91,62,547,90,31.1
599,38,Male,167,64,60,612,123,22.9
600,28,Male,157,63,61,336,151,25.6
601,54,Male,188,73,69,339,168,20.7
602,53,Male,181,118,103,537,167,36.0
603,52,Male,182,104,59,578,160,31.4
604,36,Female,165,62,58,433,120,22.8
605,37,Female,161,79,42,386,153,30.5
606,35,Female,187,87,115,343,114,24.9
607,58,Male,183,55,71,436,127,16.4
608,31,Female,163,93,66,285,103,35.0
609,32,Male,185,82,82,320,97,24.0
610,48,Male,182,108,116,308,143,32.6
611,18,Male,172,113,88,350,91,38.2
612,20,Male,199,52,62,636,167,13.1
613,33,Female,194,78,67,706,145,20.7
614,40,Female,151,92,53,732,150,40.3
615,28,Male,190,100,59,653,111,27.7
616,29,Female,170,109,94,520,124,37.7
617,27,Male,151,75,80,252,105,32.9
618,49,Female,176,48,69,274,139,15.5
619,33,Female,158,94,86,462,132,37.7
620,25,Male,150,113,81,607,106,50.2
621,55,Female,160,74,77,379,169,28.9
622,29,Male,152,103,52,346,147,44.6
623,41,Female,172,111,94,572,91,37.5
624,45,Male,175,119,35,721,93,38.9
625,25,Male,153,89,101,759,128,38.0
626,45,Female,167,48,113,320,95,17.2
627,53,Female,155,70,67,531,158,29.1
628,43,Male,184,71,29,322,158,21.0
629,25,Female,171,90,101,602,109,30.8
630,45,Female,192,108,57,499,153,29.3
631,45,Male,164,95,38,783,105,35.3
632,54,Male,171,94,55,643,140,32.1
633,58,Female,186,50,78,769,126,14.5
634,53,Male,191,103,82,153,162,28.2
635,44,Male,161,59,96,242,158,22.8
636,34,Male,196,74,65,155,131,19.3
637,26,Female,198,86,22,437,146,21.9
638,50,Female,191,81,93,767,155,22.2
639,37,Male,187,86,84,295,98,24.6
640,30,Female,167,79,110,573,153,28.3
641,45,Male,194,50,27,757,111,13.3
642,46,Female,184,112,70,606,123,33.1
643,30,Male,179,62,100,351,144,19.4
644,52,Male,173,117,92,361,118,39.1
645,23,Female,191,73,25,155,127,20.0
646,35,Male,179,103,108,773,107,32.1
647,22,Female,163,91,58,525,160,34.3
648,42,Female,155,61,79,596,154,25.4
649,19,Male,152,66,47,255,90,28.6
650,27,Male,165,112,116,550,93,41.1
651,47,Female,156,113,73,245,93,46.4
652,22,Male,163,81,56,537,116,30.5
653,50,Male,158,93,28,601,132,37.3
654,18,Male,164,57,101,565,148,21.2
655,35,Male,170,78,75,653,121,27.0
656,49,Male,184,97,78,603,122,28.7
657,28,Female,151,95,104,440,117,41.7
658,38,Female,176,47,21,683,144,15.2
659,43,Male,151,86,80,342,149,37.7
660,42,Male,184,76,77,299,159,22.4
661,39,Male,167,95,79,664,151,34.1
662,44,Female,163,90,59,542,169,33.9
663,30,Male,169,65,55,465,123,22.8
664,50,Female,167,88,56,225,145,31.6
665,51,Female,159,55,98,748,102,21.8
666,58,Female,174,112,111,419,145,37.0
667,52,Male,151,45,37,374,107,19.7
668,18,Female,174,107,117,679,143,35.3
669,38,Male,182,68,82,262,166,20.5
670,23,Female,185,57,41,400,132,16.7
671,45,Male,180,55,30,382,128,17.0
672,34,Female,163,95,77,232,150,35.8
673,22,Male,150,61,76,274,131,27.1
674,48,Female,195,68,96,324,168,17.9
675,22,Male,165,63,23,218,107,23.1
676,55,Male,195,81,105,196,112,21.3
677,20,Male,152,52,26,405,143,22.5
678,40,Male,184,72,80,179,119,21.3
679,54,Female,190,49,73,430,147,13.6
680,54,Female,155,61,107,386,157,25.4
681,27,Male,174,80,87,397,156,26.4
682,27,Female,162,63,111,517,160,24.0
683,36,Male,183,108,98,644,107,32.2
684,34,Male,157,55,20,174,96,22.3
685,38,Female,170,98,74,735,129,33.9
686,31,Male,183,89,22,639,159,26.6
687,26,Male,153,91,97,643,154,38.9
688,18,Female,174,56,57,463,157,18.5
689,30,Male,164,65,20,755,138,24.2
690,21,Male,153,55,57,524,141,23.5
691,18,Male,194,49,104,788,118,13.0
692,57,Male,161,100,48,174,110,38.6
693,49,Female,181,64,24,483,167,19.5
694,51,Female,181,85,93,504,98,25.9
695,45,Female,177,90,111,265,136,28.7
696,48,Male,162,56,40,197,165,21.3
697,25,Male,180,114,90,248,131,35.2
698,56,Female,163,61,86,608,140,23.0
699,43,Male,169,63,66,672,145,22.1
700,51,Male,167,70,103,746,140,25.1
701,20,Male,178,92,102,554,159,29.0
702,29,Male,155,96,54,363,109,40.0
703,18,Female,181,114,87,652,116,34.8
704,22,Female,178,99,88,597,127,31.2
705,47,Female,192,119,20,725,161,32.3
706,47,Male,151,77,87,407,154,33.8
707,34,Female,172,106,31,270,143,35.8
708,40,Female,168,67,79,203,113,23.7
709,32,Male,180,59,46,480,136,18.2
710,54,Male,154,71,75,390,160,29.9
711,38,Female,168,119,42,679,152,42.2
712,31,Female,183,108,44,632,146,32.2
713,19,Female,159,95,40,336,144,37.6
714,28,Female,174,97,80,411,149,32.0
715,56,Male,151,95,82,513,151,41.7
716,55,Female,160,91,71,640,119,35.5
717,51,Female,199,48,107,580,111,12.1
718,55,Male,180,51,44,388,164,15.7
719,51,Female,164,79,74,453,118,29.4
720,35,Male,158,92,65,447,130,36.9
721,47,Male,172,117,51,225,131,39.5
722,32,Male,168,116,74,482,154,41.1
723,44,Female,158,89,115,791,120,35.7
724,51,Female,184,116,24,623,119,34.3
725,55,Male,170,63,55,432,107,21.8
726,50,Female,158,107,68,740,106,42.9
727,41,Female,177,82,77,221,127,26.2
728,32,Male,195,111,58,412,103,29.2
729,47,Male,156,103,99,724,168,42.3
730,59,Female,165,113,116,161,145,41.5
731,34,Male,165,57,104,290,111,20.9
732,22,Female,182,91,80,704,156,27.5
733,46,Female,153,105,28,166,145,44.9
734,21,Female,153,75,25,212,108,32.0
735,27,Female,188,66,54,402,146,18.7
736,34,Male,189,87,58,614,133,24.4
737,27,Male,166,111,41,525,124,40.3
738,34,Male,186,98,60,669,90,28.3
739,37,Male,188,54,24,239,141,15.3
740,41,Female,178,86,61,779,159,27.1
741,22,Female,185,108,106,324,126,31.6
742,51,Male,187,65,100,225,154,18.6
743,23,Female,188,110,95,762,140,31.1
744,19,Female,199,85,106,549,90,21.5
745,30,Female,186,68,99,220,110,19.7
746,28,Male,184,79,86,329,142,23.3
747,40,Male,156,100,49,273,105,41.1
748,33,Male,176,74,76,530,150,23.9
749,48,Female,177,101,105,442,143,32.2
750,28,Male,171,91,92,344,129,31.1
751,33,Male,163,79,48,377,115,29.7
752,25,Male,156,63,56,580,169,25.9
753,21,Male,186,52,106,585,154,15.0
754,57,Male,171,70,32,610,163,23.9
755,21,Male,154,115,51,767,153,48.5
756,42,Female,151,74,65,170,132,32.5
757,20,Female,176,51,42,213,106,16.5
758,49,Male,170,111,64,314,148,38.4
759,20,Male,187,109,36,176,112,31.2
760,44,Female,164,80,104,460,96,29.7
761,46,Female,170,69,85,434,133,23.9
762,49,Male,159,81,25,430,142,32.0
763,36,Male,172,45,37,313,160,15.2
764,38,Male,188,59,113,373,168,16.7
765,22,Male,154,81,41,295,123,34.2
766,35,Female,150,57,52,179,135,25.3
767,45,Male,162,52,49,194,157,19.8
768,59,Male,170,49,100,620,167,17.0
769,39,Male,175,104,51,183,167,34.0
770,38,Male,199,117,61,576,105,29.5
771,23,Female,194,45,97,370,160,12.0
772,18,Female,170,80,29,683,108,27.7
773,22,Female,167,79,55,516,91,28.3
774,58,Male,186,110,53,699,99,31.8
775,29,Male,194,107,92,731,139,28.4
776,43,Female,181,67,47,265,101,20.5
777,51,Male,185,53,30,388,159,15.5
778,31,Male,166,78,97,484,111,28.3
779,43,Female,184,90,58,590,121,26.6
780,44,Female,198,48,66,297,90,12.2
781,26,Female,160,74,38,158,143,28.9
782,43,Female,170,119,34,437,147,41.2
783,39,Male,175,116,47,537,159,37.9
784,47,Male,153,47,43,199,107,20.1
785,34,Female,183,58,91,666,95,17.3
786,43,Male,197,104,28,787,134,26.8
787,53,Female,167,89,66,736,112,31.9
788,18,Female,189,78,52,427,112,21.8
789,25,Male,184,89,81,449,115,26.3
790,52,Female,190,105,116,738,166,29.1
791,32,Male,178,60,38,798,96,18.9
792,39,Male,178,110,86,767,168,34.7
793,31,Male,187,84,93,756,133,24.0
794,43,Male,191,61,59,284,116,16.7
795,45,Female,170,78,66,729,115,27.0
796,40,Male,191,60,84,296,168,16.4
797,31,Female,162,104,48,639,125,39.6
798,41,Female,198,110,69,627,144,28.1
799,19,Female,190,110,117,308,153,30.5
800,43,Female,166,57,32,533,146,20.7
801,31,Male,158,100,20,312,158,40.1
802,24,Male,190,75,53,590,150,20.8
803,20,Female,150,78,112,338,91,34.7
804,40,Female,151,83,67,564,144,36.4
805,35,Male,197,111,96,488,169,28.6
806,55,Female,178,52,67,756,127,16.4
807,52,Male,182,99,68,330,169,29.9
808,32,Female,159,71,83,437,167,28.1
809,42,Male,199,97,80,336,118,24.5
810,54,Female,189,83,48,287,115,23.2
811,45,Female,170,109,58,279,124,37.7
812,27,Male,177,61,107,343,168,19.5
813,56,Female,160,74,45,465,156,28.9
814,34,Female,183,97,36,293,118,29.0
815,56,Male,157,57,90,165,123,23.1
816,39,Female,171,65,32,451,130,22.2
817,43,Male,157,63,88,572,130,25.6
818,42,Male,198,97,45,394,112,24.7
819,34,Female,164,63,68,256,160,23.4
820,30,Female,166,101,86,237,92,36.7
821,37,Female,172,69,26,278,147,23.3
822,42,Female,173,75,77,490,121,25.1
823,21,Female,194,99,68,153,120,26.3
824,27,Female,168,67,72,476,132,23.7
825,20,Female,154,76,84,559,96,32.0
826,58,Male,181,106,81,455,90,32.4
827,35,Female,193,118,36,756,150,31.7
828,53,Male,150,54,62,374,103,24.0
829,39,Female,172,116,44,497,141,39.2
830,51,Female,186,98,22,470,95,28.3
831,25,Male,157,96,98,708,99,38.9
832,57,Female,162,64,48,330,160,24.4
833,36,Female,157,76,51,767,119,30.8
834,59,Male,172,58,45,535,110,19.6
835,58,Female,192,94,35,767,149,25.5
836,54,Female,150,72,44,257,163,32.0
837,23,Female,194,97,73,680,152,25.8
838,43,Male,173,68,47,559,131,22.7
839,51,Female,184,66,92,445,140,19.5
840,23,Female,173,74,75,320,153,24.7
841,54,Female,166,107,84,480,165,38.8
842,50,Female,154,48,112,642,145,20.2
843,39,Male,169,103,105,344,169,36.1
844,38,Male,170,52,99,161,130,18.0
845,23,Female,189,56,60,344,121,15.7
846,23,Female,180,75,70,639,104,23.1
847,21,Male,195,78,90,331,151,20.5
848,47,Male,185,119,97,465,116,34.8
849,28,Female,160,93,48,179,117,36.3
850,47,Male,164,101,102,745,153,37.6
851,48,Female,168,70,38,245,148,24.8
852,41,Male,156,62,85,530,147,25.5
853,26,Male,177,82,60,593,91,26.2
854,20,Male,192,94,64,447,125,25.5
855,48,Male,154,52,34,510,160,21.9
856,57,Female,154,85,22,523,102,35.8
857,54,Male,179,50,30,703,104,15.6
858,53,Male,181,113,72,452,149,34.5
859,41,Female,157,88,65,570,111,35.7
860,48,Male,159,108,49,395,152,42.7
861,23,Male,187,73,76,386,164,20.9
862,19,Female,196,72,37,683,163,18.7
863,37,Male,181,55,70,334,114,16.8
864,45,Female,197,109,67,617,137,28.1
865,28,Female,177,63,85,512,132,20.1
866,21,Female,166,53,115,432,127,19.2
867,32,Female,180,71,27,702,130,21.9
868,23,Male,157,78,41,485,134,31.6
869,47,Female,189,88,25,311,129,24.6
870,55,Male,174,112,95,309,106,37.0
871,19,Male,158,59,76,623,146,23.6
872,32,Male,151,95,55,750,91,41.7
873,28,Male,164,57,98,471,151,21.2
874,25,Male,199,93,111,161,98,23.5
875,43,Male,152,114,76,573,157,49.3
876,22,Male,198,100,68,222,106,25.5
877,23,Male,185,95,64,737,139,27.8
878,43,Male,153,81,101,350,129,34.6
879,21,Male,163,61,85,671,147,23.0
880,36,Female,190,102,96,654,164,28.3
881,37,Female,190,73,64,188,110,20.2
882,50,Female,174,77,98,209,107,25.4
883,37,Male,199,104,39,727,144,26.3
884,29,Female,159,99,83,470,118,39.2
885,18,Female,170,54,112,584,113,18.7
886,43,Female,185,91,112,785,163,26.6
887,31,Male,161,67,86,557,106,25.8
888,55,Male,176,65,102,535,107,21.0
889,54,Male,189,57,22,718,131,16.0
890,28,Male,151,77,73,227,134,33.8
891,53,Female,162,68,97,343,106,25.9
892,30,Female,181,55,83,434,162,16.8
893,20,Female,180,61,59,676,103,18.8
894,50,Female,165,112,78,673,138,41.1
895,23,Male,181,91,74,762,118,27.8
896,27,Male,181,69,81,305,93,21.1
897,22,Male,183,117,23,489,109,34.9
898,40,Female,160,65,79,274,136,25.4
899,27,Male,159,56,94,429,98,22.2
900,19,Male,164,81,114,771,166,30.1
901,30,Female,166,86,115,277,168,31.2
902,57,Female,189,61,110,463,116,17.1
903,19,Male,167,92,49,481,104,33.0
904,37,Male,158,72,21,299,108,28.8
905,18,Male,174,85,81,603,141,28.1
906,54,Male,189,91,68,185,115,25.5
907,26,Male,163,62,28,569,115,23.3
908,34,Male,174,115,111,171,115,38.0
909,26,Female,199,57,50,355,135,14.4
910,28,Female,171,57,117,788,138,19.5
911,32,Female,179,75,80,505,142,23.4
912,41,Male,169,46,98,589,92,16.1
913,55,Female,170,60,67,245,155,20.8
914,52,Male,193,53,44,313,131,14.2
915,47,Male,181,117,55,297,108,35.7
916,48,Female,195,82,27,679,106,21.6
917,22,Male,198,119,92,443,122,30.4
918,31,Male,170,98,77,344,165,33.9
919,28,Female,184,100,64,629,138,29.5
920,26,Female,181,89,81,272,145,27.2
921,51,Female,179,78,58,549,152,24.3
922,29,Male,188,53,115,601,92,15.0
923,52,Female,198,52,77,253,138,13.3
924,52,Female,161,51,100,611,144,19.7
925,18,Male,190,80,118,545,115,22.2
926,57,Female,196,62,102,486,161,16.1
927,39,Female,167,47,83,748,141,16.9
928,46,Female,170,72,63,291,96,24.9
929,25,Male,162,114,48,466,135,43.4
930,28,Male,170,88,78,707,135,30.4
931,58,Male,157,65,90,676,105,26.4
932,54,Male,195,72,111,705,113,18.9
933,31,Female,189,98,28,550,150,27.4
934,47,Male,195,98,111,459,143,25.8
935,52,Male,156,109,25,644,151,44.8
936,38,Female,172,65,48,705,90,22.0
937,54,Female,193,57,77,759,138,15.3
938,22,Female,181,101,36,258,114,30.8
939,36,Male,160,93,35,521,99,36.3
940,31,Male,171,98,106,765,169,33.5
941,43,Male,171,54,114,355,105,18.5
942,21,Female,192,97,22,192,147,26.3
943,42,Female,174,88,40,394,161,29.1
944,59,Male,171,91,83,436,118,31.1
945,42,Female,177,97,109,504,95,31.0
946,35,Female,178,118,55,625,105,37.2
947,57,Female,162,90,105,232,109,34.3
948,25,Male,167,57,81,259,169,20.4
949,56,Female,151,81,61,339,160,35.5
950,57,Female,178,68,95,400,167,21.5
951,31,Male,170,46,61,440,132,15.9
952,49,Male,164,58,80,794,115,21.6
953,55,Female,176,54,32,350,167,17.4
954,50,Female,199,79,30,475,160,19.9
955,40,Male,180,69,73,660,122,21.3
956,32,Male,164,47,35,558,115,17.5
957,50,Female,172,61,27,756,134,20.6
958,42,Female,173,56,78,657,152,18.7
959,34,Female,193,98,76,750,156,26.3
960,50,Female,162,68,59,221,141,25.9
961,19,Male,171,73,78,396,157,25.0
962,31,Female,192,87,21,790,115,23.6
963,57,Female,186,69,113,757,164,19.9
964,57,Male,182,104,113,736,91,31.4
965,56,Female,152,109,95,715,103,47.2
966,23,Male,168,72,29,493,119,25.5
967,23,Female,172,60,63,203,138,20.3
968,20,Female,178,91,30,677,101,28.7
969,24,Male,179,102,98,760,133,31.8
970,25,Male,188,71,99,681,122,20.1
971,59,Female,193,97,100,707,102,26.0
972,32,Female,196,86,109,342,167,22.4
973,46,Female,174,103,21,207,115,34.0
974,50,Male,186,91,69,586,110,26.3
975,47,Female,196,78,31,260,117,20.3
976,56,Male,157,81,109,278,137,32.9
977,44,Male,191,50,42,475,129,13.7
978,53,Female,165,51,37,157,155,18.7
979,46,Male,157,69,81,178,162,28.0
980,55,Female,150,77,115,261,168,34.2
981,50,Female,193,99,81,280,166,26.6
982,54,Female,154,102,57,337,112,43.0
983,44,Female,152,51,86,624,137,22.1
984,50,Female,150,101,57,513,91,44.9
985,21,Male,153,56,86,353,109,23.9
986,39,Male,189,60,113,361,148,16.8
987,19,Female,184,87,80,770,135,25.7
988,27,Female,181,51,20,425,92,15.6
989,22,Male,191,95,113,222,144,26.0
990,27,Male,183,117,64,392,101,34.9
991,50,Male,192,76,115,251,129,20.6
992,55,Male,174,119,47,320,155,39.3
993,30,Female,159,52,40,337,167,20.6
994,48,Female,170,116,32,590,105,40.1
995,53,Male,195,89,46,235,123,23.4
996,41,Female,188,103,119,625,133,29.1
997,32,Male,176,48,26,201,95,15.5
998,46,Female,176,111,41,260,166,35.8
999,25,Male,151,73,93,192,153,32.0
1000,22,Female,190,73,72,360,111,20.2
